Name,Body,Material,Spine,TailShape,FinShape,Special,B1Time,B2Time,B3Time,B4Time,B5Time,B6Time,Speed1,Speed2,Speed3,Speed4,Speed5,Accel1,Accel2,Time
fjkhjk,Normal,Yellow,Long,Forked,Medium,Yes,3.554312229156494,3.7226600646972656,4.222675561904907,4.4072535037994385,5.339217185974121,7.845958232879639,41.58057617737947,78.99755151708192,62.304302897532345,56.33266725318558,3.3908568300235666,30.271582426106104,-17.132452684667463,2019-03-14 02:24:42
